epoch,loss,lr,val_loss,weighted_loss
0,51.593955993652344,1e-06,51.99336242675781,714.5432739257812
1,32.76572799682617,5.999e-06,24.929786682128906,441.9406433105469
2,16.115684509277344,1.0998e-05,10.078475952148438,211.6519775390625
