epoch,loss,lr,val_loss,weighted_loss
0,60.81256103515625,1e-06,39.02913284301758,877.6764526367188
1,57.5805549621582,2.998e-06,39.09945297241211,824.3980102539062
2,52.57918167114258,4.996e-06,38.524539947509766,740.431640625
3,47.2542610168457,6.994e-06,37.650970458984375,644.5440063476562
4,42.033546447753906,8.992e-06,36.1485481262207,550.95458984375
5,36.917213439941406,1.099e-05,33.3291130065918,465.5496520996094
