epoch,loss,lr,val_loss,weighted_loss
0,2.287631034851074,0.001,8.11451244354248,29.50563621520996
1,0.7837337851524353,0.0009999726,2.208127975463867,11.466451644897461
2,0.5299619436264038,0.0009998905,0.45563432574272156,8.070152282714844
3,0.4101291298866272,0.0009997535,0.36816853284835815,6.216418743133545
